{
    "Accels": [
        1.0,
        1.0,
        1.0
    ],
    "AccelBias": [
        -3.96,
        -22.45,
        2.05
    ],
    "GyroBias": [
        -0.03884013399112736,
        0.06544818244870779,
        -0.017091097085028775
    ],
    "Mags": [
        0.3091278774235713,
        1.3724493500835087,
        1.3184227724929198
    ],
    "MagBias": [
        0.41393651743846294,
        1.8377731218198141,
        1.7654290370243677
    ]
}